{
    "help": "介绍",
    "help/newbee": {
        "help/newbee/role": {
            "角色系统": [
                "这是啥？",
                "如何创建角色？"
            ]
        },
        "help/newbee/skin": {
            "更改你的皮肤": [
                "啥是皮肤库？衣柜又是啥？",
                "上传材质",
                "从皮肤库中添加材质到衣柜",
                "将材质设置到角色",
                "更换头像"
            ]
        },
        "help/newbee/mod": "配置 Mod"
    },
    "help/faq": "常见问题解答"
}